column,enum,value
priorMalignancyNonMyeloid,0,n
priorMalignancyNonMyeloid,1,y
priorMalignancyType,0,UNKNOWN
priorMalignancyType,1,Breast Cancer
priorMalignancyType,2,Lung Cancer
priorMalignancyType,3,Non-Hodgkins Lymphoma
priorMalignancyType,4,Prostate Cancer
priorMalignancyType,5,OTHER
priorMalignancyRadiationTx,0,n
priorMalignancyRadiationTx,1,y
priorMDS,0,n
priorMDS,1,y
priorMDSMoreThanTwoMths,0,n
priorMDSMoreThanTwoMths,1,y
priorMDSMPN,0,n
priorMDSMPN,1,y
priorMDSMPNMoreThanTwoMths,0,n
priorMDSMPNMoreThanTwoMths,1,y
priorMPN,0,n
priorMPN,1,y
priorMPNMoreThanTwoMths,0,n
priorMPNMoreThanTwoMths,1,y
dxAtInclusion,0,ACUTE MYELOID LEUKAEMIA (AML) AND RELATED PRECURSOR NEOPLASMS
dxAtInclusion,1,MYELODYSPLASTIC SYNDROMES
dxAtInclusion,2,OTHER
specificDxAtInclusion,0,AML with inv(16)(p13.1q22) or t(16;16)(p13.1;q22); CBFB-MYH11
specificDxAtInclusion,1,AML with inv(3)(q21q26.2) or t(3;3)(q21;q26.2); RPN1-EVI1
specificDxAtInclusion,2,AML with minimal differentiation
specificDxAtInclusion,3,AML with mutated CEBPA
specificDxAtInclusion,4,AML with mutated NPM1
specificDxAtInclusion,5,AML with myelodysplasia-related changes
specificDxAtInclusion,6,AML with t(8;21)(q22;q22); RUNX1-RUNX1T1
specificDxAtInclusion,7,AML with t(9;11)(p22;q23); MLLT3-MLL
specificDxAtInclusion,8,Acute monoblastic and monocytic leukaemia 
specificDxAtInclusion,9,"Acute myeloid leukaemia, NOS"
specificDxAtInclusion,10,Acute myelomonocytic leukaemia
specificDxAtInclusion,11,Acute promyelocytic leukaemia with t(15;17)(q22;q12); PML-RARA
specificDxAtInclusion,12,Chronic myelomonocytic leukaemia
specificDxAtInclusion,13,Therapy-related myeloid neoplasms
specificDxAtInclusion,14,OTHER
dxAtSpecimenAcquisition,0,ACUTE MYELOID LEUKAEMIA (AML) AND RELATED PRECURSOR NEOPLASMS
dxAtSpecimenAcquisition,1,MYELODYSPLASTIC SYNDROMES
dxAtSpecimenAcquisition,2,OTHER
specificDxAtAcquisition,0,AML with inv(16)(p13.1q22) or t(16;16)(p13.1;q22); CBFB-MYH11
specificDxAtAcquisition,1,AML with inv(3)(q21q26.2) or t(3;3)(q21;q26.2); RPN1-EVI1
specificDxAtAcquisition,2,AML with minimal differentiation
specificDxAtAcquisition,3,AML with mutated CEBPA
specificDxAtAcquisition,4,AML with mutated NPM1
specificDxAtAcquisition,5,AML with myelodysplasia-related changes
specificDxAtAcquisition,6,AML with t(8;21)(q22;q22); RUNX1-RUNX1T1
specificDxAtAcquisition,7,AML with t(9;11)(p22;q23); MLLT3-MLL
specificDxAtAcquisition,8,Acute monoblastic and monocytic leukaemia 
specificDxAtAcquisition,9,"Acute myeloid leukaemia, NOS"
specificDxAtAcquisition,10,Acute myelomonocytic leukaemia
specificDxAtAcquisition,11,Acute promyelocytic leukaemia with t(15;17)(q22;q12); PML-RARA
specificDxAtAcquisition,12,Therapy-related myeloid neoplasms
specificDxAtAcquisition,13,OTHER
specimenType,0,Bone Marrow Aspirate
specimenType,1,Leukapheresis
specimenType,2,Peripheral Blood
consensus_sex,0,Female
consensus_sex,1,Male
FAB/Blast.Morphology,0,UNKNOWN
FAB/Blast.Morphology,1,M0
FAB/Blast.Morphology,2,M1
FAB/Blast.Morphology,3,M3
FAB/Blast.Morphology,4,M4
FAB/Blast.Morphology,5,M5
FAB/Blast.Morphology,6,OTHER
Karyotype,0,UNKNOWN
Karyotype,1,"46,XX[20]"
Karyotype,2,"46,XY"
Karyotype,3,"46,XY[19]"
Karyotype,4,"46,XY[20]"
Karyotype,5,OTHER
FLT3-ITD,0,negative
FLT3-ITD,1,positive
NPM1,0,negative
NPM1,1,positive
finalFusion,0,UNKNOWN
finalFusion,1,CBFB-MYH11
finalFusion,2,GATA2-MECOM
finalFusion,3,MLLT3-KMT2A
finalFusion,4,None
finalFusion,5,PML-RARA
finalFusion,6,RUNX1-RUNX1T1
finalFusion,7,OTHER
